exp,dim,N,algo,index_ms,trap_ms,query_ms,matched,note,query_count,total_ms,throughput
exp2_5,vs_N,1000,BVCRSA,2153.34,0.7865,27.0637,14.0,,,,
exp2_5,vs_N,1000,Trinity,93.895,2365.3711,349.2501,1000.0,,,,
exp2_5,vs_N,1000,VC-KASE,494.114,0.2493,0.0472,11.0,,,,
exp2_5,vs_N,1000,ABSE-Range,1194.632,5.2873,5075.9538,1000.0,,,,
exp2_5,vs_N,1000,Latt-IBEKS,2.515,0.0524,0.0376,11.0,,,,
exp2_5,vs_N,5000,BVCRSA,7434.78,0.7292,21.3153,79.0,,,,
exp2_5,vs_N,5000,Trinity,274.833,1303.3926,489.156,5000.0,,,,
exp2_5,vs_N,5000,VC-KASE,1255.198,0.2034,0.2831,62.0,,,,
exp2_5,vs_N,5000,ABSE-Range,4750.22,4.6115,24617.3505,5000.0,,,,
exp2_5,vs_N,5000,Latt-IBEKS,11.27,0.0735,0.672,62.0,,,,
exp2_5,vs_N,10000,BVCRSA,14553.717,0.8252,22.6616,164.0,,,,
exp2_5,vs_N,10000,Trinity,553.06,1281.8221,962.9317,10000.0,,,,
exp2_5,vs_N,10000,VC-KASE,2547.443,0.2861,0.8697,123.0,,,,
exp2_5,vs_N,10000,ABSE-Range,9454.443,4.3077,49268.379,10000.0,,,,
exp2_5,vs_N,10000,Latt-IBEKS,29.045,0.1272,0.8491,123.0,,,,
exp2_5,vs_N,50000,BVCRSA,73190.71,0.7533,32.945,953.0,,,,
exp2_5,vs_N,50000,Trinity,2818.903,1281.0244,4767.3482,50000.0,,,,
exp2_5,vs_N,50000,VC-KASE,12422.628,0.3251,5.4374,734.0,,,,
exp2_5,vs_N,50000,ABSE-Range,46955.438,5.2303,261862.2523,50000.0,"query_ms from separate dedicated real measurement run (measure_abse_range_real.py) — ABSE-Range query cost is unaffected by the BVCRSA-only optimization, so no need to re-run; see reviseplan.md",,,
exp2_5,vs_N,50000,Latt-IBEKS,132.643,0.051,4.6179,734.0,,,,
exp2_5,vs_N,100000,BVCRSA,145525.599,0.8252,44.2545,1933.0,,,,
exp2_5,vs_N,100000,Trinity,5517.104,1271.0472,9599.8699,100000.0,,,,
exp2_5,vs_N,100000,VC-KASE,25439.481,0.1992,10.8448,1497.0,,,,
exp2_5,vs_N,100000,ABSE-Range,93970.042,4.4134,537880.1279,100000.0,"query_ms from separate dedicated real measurement run (measure_abse_range_real.py) — ABSE-Range query cost is unaffected by the BVCRSA-only optimization, so no need to re-run; see reviseplan.md",,,
exp2_5,vs_N,100000,Latt-IBEKS,215.641,0.0957,8.6961,1497.0,,,,
exp7,vs_throughput,10000,BVCRSA,,,,,method=latency_x_Q;measured_latency_ms=21.9659;reps=30,100.0,2196.59,45.525
exp7,vs_throughput,10000,BVCRSA,,,,,method=latency_x_Q;measured_latency_ms=21.9659;reps=30,500.0,10982.951,45.525
exp7,vs_throughput,10000,BVCRSA,,,,,method=latency_x_Q;measured_latency_ms=21.9659;reps=30,1000.0,21965.902,45.525
exp7,vs_throughput,10000,BVCRSA,,,,,method=latency_x_Q;measured_latency_ms=21.9659;reps=30,5000.0,109829.51,45.525
exp7,vs_throughput,10000,BVCRSA,,,,,method=latency_x_Q;measured_latency_ms=21.9659;reps=30,10000.0,219659.021,45.525
exp7,vs_throughput,10000,Trinity,,,,,method=latency_x_Q;measured_latency_ms=953.6557;reps=5,100.0,95365.57,1.049
exp7,vs_throughput,10000,Trinity,,,,,method=latency_x_Q;measured_latency_ms=953.6557;reps=5,500.0,476827.85,1.049
exp7,vs_throughput,10000,Trinity,,,,,method=latency_x_Q;measured_latency_ms=953.6557;reps=5,1000.0,953655.701,1.049
exp7,vs_throughput,10000,Trinity,,,,,method=latency_x_Q;measured_latency_ms=953.6557;reps=5,5000.0,4768278.503,1.049
exp7,vs_throughput,10000,Trinity,,,,,method=latency_x_Q;measured_latency_ms=953.6557;reps=5,10000.0,9536557.006,1.049
exp7,vs_throughput,10000,VC-KASE,,,,,method=latency_x_Q;measured_latency_ms=0.3242;reps=30,100.0,32.419,3084.59
exp7,vs_throughput,10000,VC-KASE,,,,,method=latency_x_Q;measured_latency_ms=0.3242;reps=30,500.0,162.096,3084.59
exp7,vs_throughput,10000,VC-KASE,,,,,method=latency_x_Q;measured_latency_ms=0.3242;reps=30,1000.0,324.192,3084.59
exp7,vs_throughput,10000,VC-KASE,,,,,method=latency_x_Q;measured_latency_ms=0.3242;reps=30,5000.0,1620.961,3084.59
exp7,vs_throughput,10000,VC-KASE,,,,,method=latency_x_Q;measured_latency_ms=0.3242;reps=30,10000.0,3241.922,3084.59
exp7,vs_throughput,10000,ABSE-Range,,,,,method=latency_x_Q;measured_latency_ms=48858.9565;reps=3,100.0,4885895.652,0.02
exp7,vs_throughput,10000,ABSE-Range,,,,,method=latency_x_Q;measured_latency_ms=48858.9565;reps=3,500.0,24429478.259,0.02
exp7,vs_throughput,10000,ABSE-Range,,,,,method=latency_x_Q;measured_latency_ms=48858.9565;reps=3,1000.0,48858956.518,0.02
exp7,vs_throughput,10000,ABSE-Range,,,,,method=latency_x_Q;measured_latency_ms=48858.9565;reps=3,5000.0,244294782.592,0.02
exp7,vs_throughput,10000,ABSE-Range,,,,,method=latency_x_Q;measured_latency_ms=48858.9565;reps=3,10000.0,488589565.183,0.02
exp7,vs_throughput,10000,Latt-IBEKS,,,,,method=latency_x_Q;measured_latency_ms=0.5305;reps=30,100.0,53.048,1885.099
exp7,vs_throughput,10000,Latt-IBEKS,,,,,method=latency_x_Q;measured_latency_ms=0.5305;reps=30,500.0,265.238,1885.099
exp7,vs_throughput,10000,Latt-IBEKS,,,,,method=latency_x_Q;measured_latency_ms=0.5305;reps=30,1000.0,530.476,1885.099
exp7,vs_throughput,10000,Latt-IBEKS,,,,,method=latency_x_Q;measured_latency_ms=0.5305;reps=30,5000.0,2652.38,1885.099
exp7,vs_throughput,10000,Latt-IBEKS,,,,,method=latency_x_Q;measured_latency_ms=0.5305;reps=30,10000.0,5304.761,1885.099
